,filename,category
0,10674770,ACCOUNTANT
1,11759079,ACCOUNTANT
2,13072019,ACCOUNTANT
3,14126433,ACCOUNTANT
4,16237710,ACCOUNTANT
5,18669563,ACCOUNTANT
6,21763056,ACCOUNTANT
7,23387174,ACCOUNTANT
8,23416654,ACCOUNTANT
9,23513618,ACCOUNTANT
10,23734441,ACCOUNTANT
11,24799301,ACCOUNTANT
12,25547145,ACCOUNTANT
13,25867805,ACCOUNTANT
14,28614791,ACCOUNTANT
15,29456173,ACCOUNTANT
16,31602598,ACCOUNTANT
17,35554162,ACCOUNTANT
18,37997506,ACCOUNTANT
19,38847011,ACCOUNTANT
20,42487883,ACCOUNTANT
21,59403481,ACCOUNTANT
22,82649935,ACCOUNTANT
23,98559931,ACCOUNTANT
24,10659182,TEACHER
25,11174187,HEALTHCARE
26,12544735,ADVOCATE
27,13593241,ADVOCATE
28,13809698,AGRICULTURE
29,14445309,ADVOCATE
30,21614256,ADVOCATE
31,23804341,AVIATION
32,24695561,HEALTHCARE
33,27182111,HEALTHCARE
34,28871170,ADVOCATE
35,32965335,ADVOCATE
36,34327438,CONSULTANT
37,37560528,ADVOCATE
38,38291889,ADVOCATE
39,38698573,ADVOCATE
40,38860712,ADVOCATE
41,42164460,ADVOCATE
42,49475708,ADVOCATE
43,54067174,ADVOCATE
44,78538268,ADVOCATE
45,91051945,ADVOCATE
46,95970987,ADVOCATE
47,97405769,ADVOCATE
48,11197262,AGRICULTURE
49,12341902,TEACHER
50,15053703,ARTS
51,15546686,AGRICULTURE
52,16849128,AGRICULTURE
53,17499196,AGRICULTURE
54,18242317,AGRICULTURE
55,18264694,AGRICULTURE
56,19851252,AVIATION
57,27689009,AVIATION
58,29746235,AVIATION
59,37292350,AVIATION
60,79536879,ARTS
61,11232471,APPAREL
62,11677077,SALES
63,16500168,APPAREL
64,16723524,APPAREL
65,19070271,AVIATION
66,21570485,AVIATION
67,24516163,APPAREL
68,24989856,PUBLIC-RELATIONS
69,26586477,APPAREL
70,27099856,APPAREL
71,27549075,ADVOCATE
72,29028935,ARTS
73,29640922,APPAREL
74,31761591,SALES
75,37750854,APPAREL
76,50324968,APPAREL
77,54308684,ARTS
78,56151548,TEACHER
79,71767359,APPAREL
80,11187796,APPAREL
81,11360471,CONSTRUCTION
82,11555549,ARTS
83,12386670,ARTS
84,16244633,ARTS
85,17325147,ARTS
86,18586076,ARTS
87,20698469,AVIATION
88,21809601,SALES
89,22848179,ARTS
90,27164756,ARTS
91,27715131,SALES
92,27936502,APPAREL
93,28471099,DIGITAL-MEDIA
94,29148871,ARTS
95,36758947,BANKING
96,37472265,ARTS
97,37751611,ARTS
98,43622023,ARTS
99,50432401,PUBLIC-RELATIONS
100,54100393,ARTS
101,15100547,ADVOCATE
102,16332293,SALES
103,17510973,HEALTHCARE
104,24592627,BANKING
105,78357954,APPAREL
106,82140102,BANKING
107,99680385,APPAREL
108,10567764,AVIATION
109,11614114,APPAREL
110,13234267,AVIATION
111,15618327,AVIATION
112,17686472,CHEF
113,19284293,AVIATION
114,23464505,INFORMATION-TECHNOLOGY
115,24668861,AVIATION
116,25719936,ENGINEERING
117,26819872,AVIATION
118,27902692,INFORMATION-TECHNOLOGY
119,29595906,AVIATION
120,33627938,AVIATION
121,34419403,APPAREL
122,36727173,AVIATION
123,42427521,AVIATION
124,42546558,AVIATION
125,68216398,CONSTRUCTION
126,77626587,AVIATION
127,82738323,AVIATION
128,92283635,AVIATION
129,94137171,APPAREL
130,96457008,ARTS
131,11262933,BANKING
132,12021752,BANKING
133,14391434,BANKING
134,14626780,FINANCE
135,16407619,APPAREL
136,18208580,BANKING
137,18369400,FITNESS
138,18457785,BANKING
139,19911786,APPAREL
140,21756639,DIGITAL-MEDIA
141,21796843,PUBLIC-RELATIONS
142,21856577,BANKING
143,22615491,BANKING
144,25780596,BANKING
145,29406313,CONSULTANT
146,29839396,BANKING
147,30127072,BANKING
148,34185495,BANKING
149,34953092,BANKING
150,35483925,HEALTHCARE
151,39247950,BANKING
152,65864767,BANKING
153,69243180,BANKING
154,11183737,AVIATION
155,26829350,AVIATION
156,31064969,BANKING
157,69097572,ARTS
158,11289482,BUSINESS-DEVELOPMENT
159,12230301,BUSINESS-DEVELOPMENT
160,13888506,BUSINESS-DEVELOPMENT
161,14055971,BUSINESS-DEVELOPMENT
162,14726000,BUSINESS-DEVELOPMENT
163,14752209,BUSINESS-DEVELOPMENT
164,14861855,BUSINESS-DEVELOPMENT
165,15811992,BUSINESS-DEVELOPMENT
166,16694152,BUSINESS-DEVELOPMENT
167,17421910,BUSINESS-DEVELOPMENT
168,18293620,BUSINESS-DEVELOPMENT
169,18757174,BUSINESS-DEVELOPMENT
170,19557384,BUSINESS-DEVELOPMENT
171,22423839,BUSINESS-DEVELOPMENT
172,27139412,BUSINESS-DEVELOPMENT
173,27850777,BUSINESS-DEVELOPMENT
174,27937592,BUSINESS-DEVELOPMENT
175,31638814,BUSINESS-DEVELOPMENT
176,32042584,BUSINESS-DEVELOPMENT
177,34797369,BUSINESS-DEVELOPMENT
178,35673335,BUSINESS-DEVELOPMENT
179,76916835,BUSINESS-DEVELOPMENT
180,80275976,BUSINESS-DEVELOPMENT
181,89197180,BUSINESS-DEVELOPMENT
182,10001727,CHEF
183,10653119,CHEF
184,11121498,CHEF
185,12717345,CHEF
186,13264154,CHEF
187,14663897,CHEF
188,15261348,CHEF
189,16924102,CHEF
190,18480859,CHEF
191,19268120,CHEF
192,20321582,CHEF
193,20691949,CHEF
194,21622444,CHEF
195,21869994,CHEF
196,23398733,ARTS
197,23591247,CHEF
198,24221960,CHEF
199,25452321,CHEF
200,27831220,CHEF
201,37231163,CHEF
202,47729453,CHEF
203,48580330,CHEF
204,62555739,ARTS
205,94047639,CHEF
206,10041713,CONSTRUCTION
207,13907230,CONSTRUCTION
208,16626724,CONSTRUCTION
209,16924279,CONSTRUCTION
210,17570634,CONSTRUCTION
211,19471144,CONSTRUCTION
212,20565849,CONSTRUCTION
213,20681037,ARTS
214,21782152,CONSTRUCTION
215,22965804,CONSTRUCTION
216,23818675,CONSTRUCTION
217,24770846,CONSTRUCTION
218,27066370,CONSTRUCTION
219,27187994,FITNESS
220,29193505,CONSTRUCTION
221,29574501,CONSTRUCTION
222,29878348,CONSTRUCTION
223,38946032,CONSTRUCTION
224,39674782,CONSTRUCTION
225,45475027,CONSTRUCTION
226,71576860,CONSTRUCTION
227,90032884,AVIATION
228,13569152,CONSULTANT
229,13586069,CONSULTANT
230,14517953,CONSULTANT
231,15083600,CONSULTANT
232,15699744,CONSULTANT
233,18079050,CONSULTANT
234,18856440,CONSULTANT
235,19936735,CONSULTANT
236,21366189,CONSULTANT
237,25213006,CONSULTANT
238,26167298,PUBLIC-RELATIONS
239,30083884,CONSULTANT
240,31016926,CONSULTANT
241,31201660,CONSULTANT
242,32433431,CONSULTANT
243,34875813,CONSULTANT
244,37818861,CONSTRUCTION
245,39441617,CONSULTANT
246,57601040,CONSULTANT
247,88691367,CONSULTANT
248,91189201,CONSULTANT
249,93349646,CONSULTANT
250,95350373,CONSULTANT
251,11919526,DESIGNER
252,13518263,DESIGNER
253,14724186,DESIGNER
254,14743911,DESIGNER
255,22496394,DESIGNER
256,23951429,DESIGNER
257,25023614,DESIGNER
258,26503829,DESIGNER
259,26942552,SALES
260,29147100,DESIGNER
261,29524570,DESIGNER
262,32532982,DESIGNER
263,34317538,DESIGNER
264,36269672,DESIGNER
265,37263609,DESIGNER
266,38744475,DESIGNER
267,39252859,DESIGNER
268,44185767,DESIGNER
269,67582956,DESIGNER
270,78149576,DESIGNER
271,93301686,DESIGNER
272,11005406,BANKING
273,12085736,DIGITAL-MEDIA
274,13328680,DIGITAL-MEDIA
275,13837784,DIGITAL-MEDIA
276,14761906,TEACHER
277,18488289,DIGITAL-MEDIA
278,19861776,DIGITAL-MEDIA
279,23864858,DIGITAL-MEDIA
280,26160200,DIGITAL-MEDIA
281,27981289,DIGITAL-MEDIA
282,29915354,DIGITAL-MEDIA
283,31162167,PUBLIC-RELATIONS
284,31929166,PUBLIC-RELATIONS
285,33542483,DIGITAL-MEDIA
286,37739183,PUBLIC-RELATIONS
287,40311088,DIGITAL-MEDIA
288,62700506,DIGITAL-MEDIA
289,82929064,DIGITAL-MEDIA
290,91318828,DIGITAL-MEDIA
291,11981094,ENGINEERING
292,12488356,ENGINEERING
293,16803215,ENGINEERING
294,16911115,ENGINEERING
295,17108676,ENGINEERING
296,17488801,ENGINEERING
297,18753367,ENGINEERING
298,19553067,ENGINEERING
299,19612167,ENGINEERING
300,21038022,ENGINEERING
301,23438227,ENGINEERING
302,24322804,ENGINEERING
303,25608963,ENGINEERING
304,25919149,ENGINEERING
305,28320387,ENGINEERING
306,28630325,ENGINEERING
307,36517781,ENGINEERING
308,39835894,ENGINEERING
309,47549345,ENGINEERING
310,47919212,ENGINEERING
311,50328713,ENGINEERING
312,61579998,ENGINEERING
313,62071407,ENGINEERING
314,96029688,ENGINEERING
315,11490673,FINANCE
316,17392859,FINANCE
317,18072085,FINANCE
318,19243556,FINANCE
319,19405513,FINANCE
320,20705888,FINANCE
321,23955183,FINANCE
322,24411323,FINANCE
323,26530575,FINANCE
324,26750846,FINANCE
325,27330027,FINANCE
326,27914096,FINANCE
327,28522529,FINANCE
328,28623782,FINANCE
329,29612672,FINANCE
330,37931076,FINANCE
331,47410104,FINANCE
332,59450123,FINANCE
333,66741193,FINANCE
334,70541112,FINANCE
335,72136463,FINANCE
336,76454959,FINANCE
337,88038965,FINANCE
338,92524964,FINANCE
339,10969918,APPAREL
340,12019284,FITNESS
341,12791244,FITNESS
342,14515954,FITNESS
343,16474898,FITNESS
344,17915015,FITNESS
345,19774173,FITNESS
346,22855060,FITNESS
347,23004695,FITNESS
348,24251588,FITNESS
349,25507648,APPAREL
350,27397245,APPAREL
351,29306433,APPAREL
352,29573698,SALES
353,34151183,FITNESS
354,34792238,FITNESS
355,57575888,ARTS
356,63282405,ADVOCATE
357,69666645,FITNESS
358,76530505,FITNESS
359,77266989,HEALTHCARE
360,89858892,APPAREL
361,95769832,HEALTHCARE
362,96761538,SALES
363,10076271,APPAREL
364,12938200,HEALTHCARE
365,17963031,AVIATION
366,18365443,HEALTHCARE
367,18784594,ARTS
368,20172393,ADVOCATE
369,20211577,HEALTHCARE
370,22008817,HEALTHCARE
371,23617240,HEALTHCARE
372,23918545,ADVOCATE
373,25328428,HEALTHCARE
374,25451319,HEALTHCARE
375,26908066,HEALTHCARE
376,27090089,ARTS
377,36625776,HEALTHCARE
378,37374340,ADVOCATE
379,39082090,HEALTHCARE
380,47996197,DIGITAL-MEDIA
381,51777546,HEALTHCARE
382,54934269,HEALTHCARE
383,64471954,HEALTHCARE
384,95011061,HEALTHCARE
385,98300955,HEALTHCARE
386,10399912,HR
387,10694288,HR
388,11698189,HR
389,12786012,HR
390,14640322,HR
391,18557164,HR
392,18827609,HR
393,19179079,HR
394,19336728,HR
395,19717385,HR
396,20806155,HR
397,21265194,HR
398,22323967,HR
399,24402267,HR
400,27523575,HR
401,28808263,HR
402,29564653,HR
403,30163002,HR
404,30563572,HR
405,33176873,HR
406,39081840,HR
407,72231872,HR
408,10553553,INFORMATION-TECHNOLOGY
409,10641230,DIGITAL-MEDIA
410,10840430,INFORMATION-TECHNOLOGY
411,12334140,ARTS
412,13836471,INFORMATION-TECHNOLOGY
413,16186411,INFORMATION-TECHNOLOGY
414,17987433,INFORMATION-TECHNOLOGY
415,18187364,INFORMATION-TECHNOLOGY
416,19201175,INFORMATION-TECHNOLOGY
417,20674668,INFORMATION-TECHNOLOGY
418,24020470,INFORMATION-TECHNOLOGY
419,24889109,INFORMATION-TECHNOLOGY
420,24913648,INFORMATION-TECHNOLOGY
421,25857360,INFORMATION-TECHNOLOGY
422,26480367,INFORMATION-TECHNOLOGY
423,26801767,INFORMATION-TECHNOLOGY
424,28897981,INFORMATION-TECHNOLOGY
425,31111279,INFORMATION-TECHNOLOGY
426,35325329,INFORMATION-TECHNOLOGY
427,46260230,INFORMATION-TECHNOLOGY
428,64017585,INFORMATION-TECHNOLOGY
429,68460556,INFORMATION-TECHNOLOGY
430,81761658,INFORMATION-TECHNOLOGY
431,91121135,ENGINEERING
432,10926726,FITNESS
433,11635137,PUBLIC-RELATIONS
434,12567516,DIGITAL-MEDIA
435,14910300,PUBLIC-RELATIONS
436,15917885,BANKING
437,18133495,PUBLIC-RELATIONS
438,18436190,PUBLIC-RELATIONS
439,19497420,PUBLIC-RELATIONS
440,19503224,PUBLIC-RELATIONS
441,21478007,PUBLIC-RELATIONS
442,23048999,PUBLIC-RELATIONS
443,24491862,PUBLIC-RELATIONS
444,26127853,CHEF
445,26173524,ADVOCATE
446,30642458,PUBLIC-RELATIONS
447,31392754,PUBLIC-RELATIONS
448,34712719,PUBLIC-RELATIONS
449,37375999,CHEF
450,41590605,PUBLIC-RELATIONS
451,45900271,PUBLIC-RELATIONS
452,93828034,DIGITAL-MEDIA
453,98086373,PUBLIC-RELATIONS
454,12820557,SALES
455,15273850,SALES
456,15581242,SALES
457,15765660,SALES
458,16280971,SALES
459,18062906,SALES
460,18328743,SALES
461,19473948,SALES
462,19582792,SALES
463,20552814,SALES
464,25839123,SALES
465,27607632,SALES
466,28139742,SALES
467,28198029,SALES
468,29211919,SALES
469,29399491,SALES
470,30083943,SALES
471,30529547,SALES
472,31199035,SALES
473,33578873,SALES
474,36904300,SALES
475,85918100,SALES
476,92200491,SALES
477,14958913,TEACHER
478,20399718,TEACHER
479,21550454,TEACHER
480,21611212,TEACHER
481,21773106,TEACHER
482,22056333,TEACHER
483,22408666,TEACHER
484,22510753,TEACHER
485,22551979,TEACHER
486,22632070,TEACHER
487,22968380,TEACHER
488,23628651,TEACHER
489,24791126,TEACHER
490,28063132,TEACHER
491,28086303,TEACHER
492,37402097,TEACHER
493,48547319,TEACHER
494,49285644,TEACHER
495,66683238,TEACHER
496,74816727,TEACHER
